البيت,الشطر الأيسر,الشطر الأيمن,البحر,الشاعر
النيلُ العَذبُ هُوَ الكَوثَر وَالجَنَّةُ شاطِئُهُ الأَخضَر,وَالجَنَّةُ شاطِئُهُ الأَخضَر,النيلُ العَذبُ هُوَ الكَوثَر,المتدارك,أحمد شوقي
رَيّانُ الصَفحَةِ وَالمَنظَر ما أَبهى الخُلدَ وَما أَنضَر,ما أَبهى الخُلدَ وَما أَنضَر,رَيّانُ الصَفحَةِ وَالمَنظَر,المتدارك,أحمد شوقي
البَحرُ الفَيّاضُ القُدسُ الساقي الناسَ وَما غَرَسوا,الساقي الناسَ وَما غَرَسوا,البَحرُ الفَيّاضُ القُدسُ,المتدارك,أحمد شوقي
وَهوَ المِنوالُ لِما لَبِسوا وَالمُنعِمُ بِالقُطنِ الأَنوَر,وَالمُنعِمُ بِالقُطنِ الأَنوَر,وَهوَ المِنوالُ لِما لَبِسوا,المتدارك,أحمد شوقي
جَعلَ الإِحسانَ لَهُ شَرعا لَم يُخلِ الوادِيَ مِن مَرعى,لَم يُخلِ الوادِيَ مِن مَرعى,جَعلَ الإِحسانَ لَهُ شَرعا,المتدارك,أحمد شوقي
فَتَرى زَرعاً يَتلو زَرعا وَهُنا يُجنى وَهُنا يُبذَر,وَهُنا يُجنى وَهُنا يُبذَر,فَتَرى زَرعاً يَتلو زَرعا,المتدارك,أحمد شوقي
جارٍ وَيُرى لَيسَ بِجارِ لِأَناةٍ فيهِ وَوَقار,لِأَناةٍ فيهِ وَوَقار,جارٍ وَيُرى لَيسَ بِجارِ,المتدارك,أحمد شوقي
يَنصَبُّ كَتَلٍ مُنهارِ وَيَضِجُّ فَتَحسَبُهُ يَزأَر,وَيَضِجُّ فَتَحسَبُهُ يَزأَر,يَنصَبُّ كَتَلٍ مُنهارِ,المتدارك,أحمد شوقي
حَبَشِيُّ اللَونِ كَجيرَتِهِ مِن مَنبَعِهِ و بُحَيرَتِهِ,مِن مَنبَعِهِ و بُحَيرَتِهِ,حَبَشِيُّ اللَونِ كَجيرَتِهِ,المتدارك,أحمد شوقي
صَبَغَ الشَطَّينِ بِسُمرَتِهِ لَوناً كَالمِسكِ وَكَالعَنبَر,لَوناً كَالمِسكِ وَكَالعَنبَر,صَبَغَ الشَطَّينِ بِسُمرَتِهِ,المتدارك,أحمد شوقي
الصُّبْحُ بَدَا مِنْ طَلْعَتِهِ وَاللَّيْلُ دَجا مِنْ وَفْرَتِهِ,وَاللَّيْلُ دَجا مِنْ وَفْرَتِهِ,الصُّبْحُ بَدَا مِنْ طَلْعَتِهِ,المتدارك,البوصيري
فَاقَ الرُّسُلاَ فَضْلاً وَعُلاَ أَهْدَى السُّبُلاَ لِدَلاَلَتِهِ,أَهْدَى السُّبُلاَ لِدَلاَلَتِهِ,فَاقَ الرُّسُلاَ فَضْلاً وَعُلاَ,المتدارك,البوصيري
كَنْزُ الْكَرِيمِ مُوْلِي النِّعَمِ هَادِي الأُمَمِ لِشَرِيعَتِهِ,هَادِي الأُمَمِ لِشَرِيعَتِهِ,كَنْزُ الْكَرِيمِ مُوْلِي النِّعَمِ,المتدارك,البوصيري
أَذْكَى النَّسَبِ أَعْلَى الحَسَبِ كُلُّ العَرَبِ في خِدْمَتِهِ,كُلُّ العَرَبِ في خِدْمَتِهِ,أَذْكَى النَّسَبِ أَعْلَى الحَسَبِ,المتدارك,البوصيري
سَعَتِ الشَّجَرُ نَطَقَ الحَجَرُ شُقَّ القَمَرُ بإشَارَتِهِ,شُقَّ القَمَرُ بإشَارَتِهِ,سَعَتِ الشَّجَرُ نَطَقَ الحَجَرُ,المتدارك,البوصيري
جِبْرِيلُ أَتَى لَيْلَةَ أَسْرَى وَالرَّبُّ دَعَاهُ لِحَضْرَتِهِ,وَالرَّبُّ دَعَاهُ لِحَضْرَتِهِ,جِبْرِيلُ أَتَى لَيْلَةَ أَسْرَى,المتدارك,البوصيري
نالَ الشَّرَفَا وَاللهُ عَفَا عَمَّا سَلَفَا مِنْ أُمَّتِهِ,عَمَّا سَلَفَا مِنْ أُمَّتِهِ,نالَ الشَّرَفَا وَاللهُ عَفَا,المتدارك,البوصيري
فَمُحَمَّدُنا هُوَ سَيِّدُنا فالعِزُّ لَنا لإجَابَتِهِ,فالعِزُّ لَنا لإجَابَتِهِ,فَمُحَمَّدُنا هُوَ سَيِّدُنا,المتدارك,البوصيري
مَن ذا أَفتاكِ بِسَفكِ دَمي يا غُرَّةَ حَيِّ بَني جُشَمِ,يا غُرَّةَ حَيِّ بَني جُشَمِ,مَن ذا أَفتاكِ بِسَفكِ دَمي,المتدارك,ابن المقرب العيوني
فَتعالَي غَيرَ مُدافِعَةٍ نَقصُص رُؤياكِ عَلى حَكَمِ,نَقصُص رُؤياكِ عَلى حَكَمِ,فَتعالَي غَيرَ مُدافِعَةٍ,المتدارك,ابن المقرب العيوني
أَبِنَظرَةِ عَينٍ عَن خَطأٍ عَرَضَت بِالعَمدِ يُراقُ دَمي,عَرَضَت بِالعَمدِ يُراقُ دَمي,أَبِنَظرَةِ عَينٍ عَن خَطأٍ,المتدارك,ابن المقرب العيوني
إِن كان جَنى طَرفي فَلَقَد يَكفيهِ مَقالُكِ لا تَنَمِ,يَكفيهِ مَقالُكِ لا تَنَمِ,إِن كان جَنى طَرفي فَلَقَد,المتدارك,ابن المقرب العيوني
فَذَري الواشينَ فَقَد نَطَقُوا زُوراً وَهُمُ شَرُّ الأُمَمِ,زُوراً وَهُمُ شَرُّ الأُمَمِ,فَذَري الواشينَ فَقَد نَطَقُوا,المتدارك,ابن المقرب العيوني
زَعَمُوا أَنّي بِسِوائِكُمُ كَلِفٌ كَذَبُوا في زَعمِهِمِ,كَلِفٌ كَذَبُوا في زَعمِهِمِ,زَعَمُوا أَنّي بِسِوائِكُمُ,المتدارك,ابن المقرب العيوني
إِن كُنتُ أَجَلتُ بِغَيرِكُمُ طَرفي أَبغي بَدَلاً فَعَمي,طَرفي أَبغي بَدَلاً فَعَمي,إِن كُنتُ أَجَلتُ بِغَيرِكُمُ,المتدارك,ابن المقرب العيوني
أَو كُنتُ نَطَقتُ بِثَلبِكُمُ يَوماً في الناسِ فَفُضَّ فَمي,يَوماً في الناسِ فَفُضَّ فَمي,أَو كُنتُ نَطَقتُ بِثَلبِكُمُ,المتدارك,ابن المقرب العيوني
أَو كُنتُ نَصَبتُ لِغائِبِكُم سَمعاً فَبَقيتُ أَخا صَمَمِ,سَمعاً فَبَقيتُ أَخا صَمَمِ,أَو كُنتُ نَصَبتُ لِغائِبِكُم,المتدارك,ابن المقرب العيوني
أَو لاقَ لِقَلبي بَعدَكُمُ خِلّاً فَخُلِقتُ أَخا سَقَمِ,خِلّاً فَخُلِقتُ أَخا سَقَمِ,أَو لاقَ لِقَلبي بَعدَكُمُ,المتدارك,ابن المقرب العيوني
أَو كُنتُ مَشَيتُ بِسَيِّئَةٍ فَيكُم فَثَكِلتُ لَها قَدَمي,فَيكُم فَثَكِلتُ لَها قَدَمي,أَو كُنتُ مَشَيتُ بِسَيِّئَةٍ,المتدارك,ابن المقرب العيوني
يا طِيبَ الوَصلِ وَدارُ الحَيِّ بِحَيثُ الأَبطَحُ ذُو الحَرَمِ,بِحَيثُ الأَبطَحُ ذُو الحَرَمِ,يا طِيبَ الوَصلِ وَدارُ الحَيِّ,المتدارك,ابن المقرب العيوني
وَالدَهرُ بِعَينَيهِ سَدَرٌ عَن شَملِ الحَيِّ المُلتَئِمِ,عَن شَملِ الحَيِّ المُلتَئِمِ,وَالدَهرُ بِعَينَيهِ سَدَرٌ,المتدارك,ابن المقرب العيوني
نَغدُو وَنَروحُ وَمَذهَبُنا شُربُ الصَهباءِ عَلى النَغَمِ,شُربُ الصَهباءِ عَلى النَغَمِ,نَغدُو وَنَروحُ وَمَذهَبُنا,المتدارك,ابن المقرب العيوني
وَأَزُورُ الحِبَّ عَلانِيَةً وَيَزُورُ جَنابي عَن أَمَمِ,وَيَزُورُ جَنابي عَن أَمَمِ,وَأَزُورُ الحِبَّ عَلانِيَةً,المتدارك,ابن المقرب العيوني
كَم لَيلٍ بِتُّ أُفاكِهُهُ فَحَشاً لِحَشاً وَفَماً لِفَمِ,فَحَشاً لِحَشاً وَفَماً لِفَمِ,كَم لَيلٍ بِتُّ أُفاكِهُهُ,المتدارك,ابن المقرب العيوني
وَأُعَلِّلُهُ وَيُعَلِّلُني مِن ذِي أَشَرٍ عَذبٍ شَبِمِ,مِن ذِي أَشَرٍ عَذبٍ شَبِمِ,وَأُعَلِّلُهُ وَيُعَلِّلُني,المتدارك,ابن المقرب العيوني
وَالمالُ يَمُدُّ رُواقَ السِت رِ عَلى المُثرينَ مِنَ التُهَمِ,رِ عَلى المُثرينَ مِنَ التُهَمِ,وَالمالُ يَمُدُّ رُواقَ السِت,المتدارك,ابن المقرب العيوني
فَتَرى الرُقباءَ طَلائِعَنا وَشُهُودَ العِفَّةِ وَالكَرَمِ,وَشُهُودَ العِفَّةِ وَالكَرَمِ,فَتَرى الرُقباءَ طَلائِعَنا,المتدارك,ابن المقرب العيوني
سُقياً لِلَيالي اللَهوِ لَقَد كانَت وَتَوَلَّت كَالحُلمِ,كانَت وَتَوَلَّت كَالحُلمِ,سُقياً لِلَيالي اللَهوِ لَقَد,المتدارك,ابن المقرب العيوني
يا خُضرَتَها يا نضرَتَها ياحَسَرَتها إِذ لَم تَدُمِ,ياحَسَرَتها إِذ لَم تَدُمِ,يا خُضرَتَها يا نضرَتَها,المتدارك,ابن المقرب العيوني
إِذ لَيسَ البِيضُ تُؤَنِّبُني بِمَشيبٍ لاحَ وَلا عَدَمِ,بِمَشيبٍ لاحَ وَلا عَدَمِ,إِذ لَيسَ البِيضُ تُؤَنِّبُني,المتدارك,ابن المقرب العيوني
ساوَت في الحُسنِ زَمانَ المَل كِ عِمادِ الدِّينِ حَيا الأُمَمِ,كِ عِمادِ الدِّينِ حَيا الأُمَمِ,ساوَت في الحُسنِ زَمانَ المَل,المتدارك,ابن المقرب العيوني
مَسعُودِ الخَيلِ نَقِيِّ الذَي لِ سَنِيِّ النَيلِ لَدى القُحَمِ,لِ سَنِيِّ النَيلِ لَدى القُحَمِ,مَسعُودِ الخَيلِ نَقِيِّ الذَي,المتدارك,ابن المقرب العيوني
مَلِكٌ أَحيا بِمَواهِبِهِ قَتلى الإِملاقِ مِنَ الرِّمَمِ,قَتلى الإِملاقِ مِنَ الرِّمَمِ,مَلِكٌ أَحيا بِمَواهِبِهِ,المتدارك,ابن المقرب العيوني
وَأَنارَ بِساطِعِ سُؤدَدِهِ لِذَوي الأَملاكِ دُجى الظُلَمِ,لِذَوي الأَملاكِ دُجى الظُلَمِ,وَأَنارَ بِساطِعِ سُؤدَدِهِ,المتدارك,ابن المقرب العيوني
وَأَقامَ بِحُسنِ سِياسَتِهِ شُوسَ الأَملاكِ عَلى النِّقَمِ,شُوسَ الأَملاكِ عَلى النِّقَمِ,وَأَقامَ بِحُسنِ سِياسَتِهِ,المتدارك,ابن المقرب العيوني
وَأَذَمَّ لِمَن أَضحى بِحِبا هُ عَلى الأَيّامِ فَلَم يَرِمِ,هُ عَلى الأَيّامِ فَلَم يَرِمِ,وَأَذَمَّ لِمَن أَضحى بِحِبا,المتدارك,ابن المقرب العيوني
مَلكٌ تَختالُ قُرى البَحرَي نِ بِهِ في الحُسنِ عَلى إِرَمِ,نِ بِهِ في الحُسنِ عَلى إِرَمِ,مَلكٌ تَختالُ قُرى البَحرَي,المتدارك,ابن المقرب العيوني
نَدِسٌ رَدِسٌ شَكِسٌ مَكِسٌ شَرِسٌ مَرِسٌ وافي الذِمَمِ,شَرِسٌ مَرِسٌ وافي الذِمَمِ,نَدِسٌ رَدِسٌ شَكِسٌ مَكِسٌ,المتدارك,ابن المقرب العيوني
لَهِجٌ بَهِجٌ بِفَواضِلِهِ سَمحٌ طَمحٌ عَالي الهِمَمِ,سَمحٌ طَمحٌ عَالي الهِمَمِ,لَهِجٌ بَهِجٌ بِفَواضِلِهِ,المتدارك,ابن المقرب العيوني
يَسِرٌ عَسِرٌ فَرِحٌ تَرِحٌ وَالخَيلُ تَعَثَّرُ بِاللِّمَمِ,وَالخَيلُ تَعَثَّرُ بِاللِّمَمِ,يَسِرٌ عَسِرٌ فَرِحٌ تَرِحٌ,المتدارك,ابن المقرب العيوني
سَل عَنهُ غَداةَ الصَخرِ وَقَد جاءَت تَتَبارى في اللُجُمِ,جاءَت تَتَبارى في اللُجُمِ,سَل عَنهُ غَداةَ الصَخرِ وَقَد,المتدارك,ابن المقرب العيوني
شُعثاً تَحمِلنَ أُسُودَ شَرىً في غابِ القَسطَلِ لا الأُجُمِ,في غابِ القَسطَلِ لا الأُجُمِ,شُعثاً تَحمِلنَ أُسُودَ شَرىً,المتدارك,ابن المقرب العيوني
يَتبَعنَ هُماماً صَولَتُهُ تَسطُو بِالأَرعَنِ ذِي الشَمَمِ,تَسطُو بِالأَرعَنِ ذِي الشَمَمِ,يَتبَعنَ هُماماً صَولَتُهُ,المتدارك,ابن المقرب العيوني
غَمَرَ المَسلُوبَ بِها سَحَراً سَيلٌ يَحكي سَيلَ العَرِمِ,سَيلٌ يَحكي سَيلَ العَرِمِ,غَمَرَ المَسلُوبَ بِها سَحَراً,المتدارك,ابن المقرب العيوني
رَجَفَت مِن وَقعِ سَنابِكِها غِيطانُ البَرِّ مَعَ الأُكُمِ,غِيطانُ البَرِّ مَعَ الأُكُمِ,رَجَفَت مِن وَقعِ سَنابِكِها,المتدارك,ابن المقرب العيوني
لَولا حَملاتُ عِمادِ الدِّي نِ عَلى الأَبطالِ بِلا سَأَمِ,نِ عَلى الأَبطالِ بِلا سَأَمِ,لَولا حَملاتُ عِمادِ الدِّي,المتدارك,ابن المقرب العيوني
لَغَدَت وَالنَصرُ مُقارِنُها تَستاقُ الشاءَ مَعَ النَعَمِ,تَستاقُ الشاءَ مَعَ النَعَمِ,لَغَدَت وَالنَصرُ مُقارِنُها,المتدارك,ابن المقرب العيوني
لَكِن ما زالَ يِجالِدُهُم ضَرباً بِمُهنَّدِهِ الخَذِمِ,ضَرباً بِمُهنَّدِهِ الخَذِمِ,لَكِن ما زالَ يِجالِدُهُم,المتدارك,ابن المقرب العيوني
حَتّى رَجَعُوا وَوِطابُهُمُ صَفِرٌ يَقفُونَ هَلا بِلَمِ,صَفِرٌ يَقفُونَ هَلا بِلَمِ,حَتّى رَجَعُوا وَوِطابُهُمُ,المتدارك,ابن المقرب العيوني
كانَت لَولاهُ بَنُو عَيلا نَ كَلَحمٍ رُضَّ عَلى وَضَمِ,نَ كَلَحمٍ رُضَّ عَلى وَضَمِ,كانَت لَولاهُ بَنُو عَيلا,المتدارك,ابن المقرب العيوني
مَنَعَ الجُلّابَ وَما جَلَبُوا فَلَهُ فيهِم أَسنى النِعَمِ,فَلَهُ فيهِم أَسنى النِعَمِ,مَنَعَ الجُلّابَ وَما جَلَبُوا,المتدارك,ابن المقرب العيوني
خُلِقَت لِلنَصلِ أَنامِلُهُ وَالبَذلِ الشامِلِ وَالقَلَمِ,وَالبَذلِ الشامِلِ وَالقَلَمِ,خُلِقَت لِلنَصلِ أَنامِلُهُ,المتدارك,ابن المقرب العيوني
فَالنَصلُ لِأَهلِ عَداوَتِهِ وَلِكُلِّ لَهاةٍ كَالأطُمِ,وَلِكُلِّ لَهاةٍ كَالأطُمِ,فَالنَصلُ لِأَهلِ عَداوَتِهِ,المتدارك,ابن المقرب العيوني
وَالبَذلُ لِأَهلِ مَوَدَّتِهِ وَأَخٍ في اللَهِ وَذي رَحِمِ,وَأَخٍ في اللَهِ وَذي رَحِمِ,وَالبَذلُ لِأَهلِ مَوَدَّتِهِ,المتدارك,ابن المقرب العيوني
وَيُشيرُ إِلى القَلَمِ المَيمُو نِ بِما يُنشِيهِ مِنَ الحِكَمِ,نِ بِما يُنشِيهِ مِنَ الحِكَمِ,وَيُشيرُ إِلى القَلَمِ المَيمُو,المتدارك,ابن المقرب العيوني
فَإِلَيكَ أَبا المَنصُورِ عُقُو دَ لآلي الدُرِّ المُنتَظِمِ,دَ لآلي الدُرِّ المُنتَظِمِ,فَإِلَيكَ أَبا المَنصُورِ عُقُو,المتدارك,ابن المقرب العيوني
جاءَت بِكراً مِن نَظمِ فَتىً في وُدِّكَ لَيسَ بِمُتَّهَمِ,في وُدِّكَ لَيسَ بِمُتَّهَمِ,جاءَت بِكراً مِن نَظمِ فَتىً,المتدارك,ابن المقرب العيوني
يُثني بِلسانِ الصِدقِ علَيـ ـكَ ثَناءَ الوامِقِ ذِي اللَزَمِ,ـكَ ثَناءَ الوامِقِ ذِي اللَزَمِ,يُثني بِلسانِ الصِدقِ علَيـ,المتدارك,ابن المقرب العيوني
وَيَمُتُّ بِأَرحامٍ وَشَجَت مِن عِيصِكَ ذِي لَحمٍ وَدَمِ,مِن عِيصِكَ ذِي لَحمٍ وَدَمِ,وَيَمُتُّ بِأَرحامٍ وَشَجَت,المتدارك,ابن المقرب العيوني
فَبَقيتَ بَقاءَ الدَهرِ وَرُحـ ـنَ لَكَ الأَيّامُ مِنَ الخَدَمِ,ـنَ لَكَ الأَيّامُ مِنَ الخَدَمِ,فَبَقيتَ بَقاءَ الدَهرِ وَرُحـ,المتدارك,ابن المقرب العيوني
ببسيطِ العالمِ تعتضِدُ وعلى معبودكَ تعتمدُ,وعلى معبودكَ تعتمدُ,ببسيطِ العالمِ تعتضِدُ,المتدارك,أبو العباس الجراوي
ماضرَّ عُلاكَ وقد بهرت من يحجبُهُ عنها الرمَدُ,من يحجبُهُ عنها الرمَدُ,ماضرَّ عُلاكَ وقد بهرت,المتدارك,أبو العباس الجراوي
شقيَ الأعداءُ وإن حسبوا بمروقِهِم أن قد سعدُوا,بمروقِهِم أن قد سعدُوا,شقيَ الأعداءُ وإن حسبوا,المتدارك,أبو العباس الجراوي
وردُوا غدرانَ الغدرِ وَلا صدرٌ عنهُنَّ لمن يَرِدُ,صدرٌ عنهُنَّ لمن يَرِدُ,وردُوا غدرانَ الغدرِ وَلا,المتدارك,أبو العباس الجراوي
كفروا لما كثروا وزَكَت أموالُهُم ونما العدَدُ,أموالُهُم ونما العدَدُ,كفروا لما كثروا وزَكَت,المتدارك,أبو العباس الجراوي
نعمٌ رُزِقَت نعماً فطغت وبغت فأتيحَ لها الأسدُ,وبغت فأتيحَ لها الأسدُ,نعمٌ رُزِقَت نعماً فطغت,المتدارك,أبو العباس الجراوي
ما غرَّهُمُ بهزبرِ وغىً حلقُ الماذيِّ لهُ لِبَدُ,حلقُ الماذيِّ لهُ لِبَدُ,ما غرَّهُمُ بهزبرِ وغىً,المتدارك,أبو العباس الجراوي
أسدٌ تنقادُ لهُ الآسا دُ كما تنقادُ لها الفُهُدُ,دُ كما تنقادُ لها الفُهُدُ,أسدٌ تنقادُ لهُ الآسا,المتدارك,أبو العباس الجراوي
تذكو نيرانُ حفيظتِهِ فيكادُ يذوبُ لها الزرَدُ,فيكادُ يذوبُ لها الزرَدُ,تذكو نيرانُ حفيظتِهِ,المتدارك,أبو العباس الجراوي
فلهُ من عزمتِهِ عَدَدٌ ولهُ من نجدتِهِ عُدَدُ,ولهُ من نجدتِهِ عُدَدُ,فلهُ من عزمتِهِ عَدَدٌ,المتدارك,أبو العباس الجراوي
يلقى الأبطالَ فينقضُ ما عقدوا ويناقِضُ ما اعتقدُوا,عقدوا ويناقِضُ ما اعتقدُوا,يلقى الأبطالَ فينقضُ ما,المتدارك,أبو العباس الجراوي
فدمٌ دفعٌ وطلى بددٌ وظباً قددٌ وقناً قصدُ,وظباً قددٌ وقناً قصدُ,فدمٌ دفعٌ وطلى بددٌ,المتدارك,أبو العباس الجراوي
يثقُ الأرضيُّ بصحبتِهِ إن العلويَّ لهُ مددُ,إن العلويَّ لهُ مددُ,يثقُ الأرضيُّ بصحبتِهِ,المتدارك,أبو العباس الجراوي
ذخرَ الأملاكُ وأنتَ أبا يعقوبَ تجودُ بما تجدُ,يعقوبَ تجودُ بما تجدُ,ذخرَ الأملاكُ وأنتَ أبا,المتدارك,أبو العباس الجراوي
يعدونَ ولا يوفُونَ بما وعدوا وتجودُ ولا تعِدُ,وعدوا وتجودُ ولا تعِدُ,يعدونَ ولا يوفُونَ بما,المتدارك,أبو العباس الجراوي
جمعت كفاكَ ندىً وردى فتصوبُ يدٌ وتصولُ يدث,فتصوبُ يدٌ وتصولُ يدث,جمعت كفاكَ ندىً وردى,المتدارك,أبو العباس الجراوي
أصفيتَ العيشَ لا كدرٌ وأقمتَ الدينَ فلا أودُ,وأقمتَ الدينَ فلا أودُ,أصفيتَ العيشَ لا كدرٌ,المتدارك,أبو العباس الجراوي
لو قلتُ بأنكَ أوقرُ من أحدٍ مما نازعني أحدُ,أحدٍ مما نازعني أحدُ,لو قلتُ بأنكَ أوقرُ من,المتدارك,أبو العباس الجراوي
لم تأتِ بمشبهكَ الأيا مُ ولا ولدتُه ولا تلدُ,مُ ولا ولدتُه ولا تلدُ,لم تأتِ بمشبهكَ الأيا,المتدارك,أبو العباس الجراوي
ما كذبَ فيكَ فِراسَتَهُ ملكٌ للعالمِ منتقدُ,ملكٌ للعالمِ منتقدُ,ما كذبَ فيكَ فِراسَتَهُ,المتدارك,أبو العباس الجراوي
ملكٌ أنوارُ بصيرتِهِ ومناقِبُهُ سُرُجٌ تَقِدُ,ومناقِبُهُ سُرُجٌ تَقِدُ,ملكٌ أنوارُ بصيرتِهِ,المتدارك,أبو العباس الجراوي
أثوابُ الدينِ بهِ جُدُدٌ وسبيلُ الحقِّ لهُ جددُ,وسبيلُ الحقِّ لهُ جددُ,أثوابُ الدينِ بهِ جُدُدٌ,المتدارك,أبو العباس الجراوي
لما ضاقت ووهت حجبي فظننت بأني غير نجي,فظننت بأني غير نجي,لما ضاقت ووهت حجبي,المتدارك,ابن مليك الحموي
ناديت وصبحي لم يعج اشتدي ازمة تنفرجي,اشتدي ازمة تنفرجي,ناديت وصبحي لم يعج,المتدارك,ابن مليك الحموي
قد آذن ليلك بالبلج وذا اشتدت وعلا رهج,وذا اشتدت وعلا رهج,قد آذن ليلك بالبلج,المتدارك,ابن مليك الحموي
ودجا ما كان به بلج فاصبر فالضيق له فرج,فاصبر فالضيق له فرج,ودجا ما كان به بلج,المتدارك,ابن مليك الحموي
وظلام الليل له سرج حتى يغشاه ابو السرج,حتى يغشاه ابو السرج,وظلام الليل له سرج,المتدارك,ابن مليك الحموي
دعها تجري فلها قدر والكل وقت معتبر,والكل وقت معتبر,دعها تجري فلها قدر,المتدارك,ابن مليك الحموي
ورياح الجود لها نشر وسحاب الخير لها مطر,وسحاب الخير لها مطر,ورياح الجود لها نشر,المتدارك,ابن مليك الحموي
فإذا جاء الابان تجي قسما ما تم لنا عمل,قسما ما تم لنا عمل,فإذا جاء الابان تجي,المتدارك,ابن مليك الحموي
وعن التفصيل بنا ملل او كيف يخيب لنا امل,او كيف يخيب لنا امل,وعن التفصيل بنا ملل,المتدارك,ابن مليك الحموي
وفوائد مولانا جمل لشروح الانفس والمهج,لشروح الانفس والمهج,وفوائد مولانا جمل,المتدارك,ابن مليك الحموي
اكرم في الجود بها مددا نعما لم نحص لها عددا,نعما لم نحص لها عددا,اكرم في الجود بها مددا,المتدارك,ابن مليك الحموي
منها يتضوع نشر هدى ولها ارج محيي ابدا,ولها ارج محيي ابدا,منها يتضوع نشر هدى,المتدارك,ابن مليك الحموي
فاقصد محيا ذاك الارج ان عز مرام او اعيا,ان عز مرام او اعيا,فاقصد محيا ذاك الارج,المتدارك,ابن مليك الحموي
او جف ترى تلك الاحيا او غاض سحاب سما العليا,او غاض سحاب سما العليا,او جف ترى تلك الاحيا,المتدارك,ابن مليك الحموي
فلربتما فاض المحيا ببحور الموج من اللجج,ببحور الموج من اللجج,فلربتما فاض المحيا,المتدارك,ابن مليك الحموي
قسم الاشياء بسرمده فسعيد ذا لتعبده,فسعيد ذا لتعبده,قسم الاشياء بسرمده,المتدارك,ابن مليك الحموي
وشقي ذا لتبعده والخلق جميعا في يده,والخلق جميعا في يده,وشقي ذا لتبعده,المتدارك,ابن مليك الحموي
فذوو سعة وذوو حرج وكذاك الناس جميعهم,وكذاك الناس جميعهم,فذوو سعة وذوو حرج,المتدارك,ابن مليك الحموي
لنهار الحشر رجوعهم عاصيهم ثم مطيعهم,عاصيهم ثم مطيعهم,لنهار الحشر رجوعهم,المتدارك,ابن مليك الحموي
ونزولهم وطلوعهم فإلى درك وعلى درج,فإلى درك وعلى درج,ونزولهم وطلوعهم,المتدارك,ابن مليك الحموي
سادت بعلاه مراتبهم وصفت برضاه مشاربهم,وصفت برضاه مشاربهم,سادت بعلاه مراتبهم,المتدارك,ابن مليك الحموي
ونمت بهداه مكاسبهم ومعائشهم وعواقبهم,ومعائشهم وعواقبهم,ونمت بهداه مكاسبهم,المتدارك,ابن مليك الحموي
ليست في المشي على عوج قوم اغز لهم التحمت,قوم اغز لهم التحمت,ليست في المشي على عوج,المتدارك,ابن مليك الحموي
ببديع النسج وقد رقمت ما ذاك سدى لما نظمت,ما ذاك سدى لما نظمت,ببديع النسج وقد رقمت,المتدارك,ابن مليك الحموي
حكم نسجت بيد حكمت ثم انتسجت بالمنتسج,ثم انتسجت بالمنتسج,حكم نسجت بيد حكمت,المتدارك,ابن مليك الحموي
اوصاف الجود بها اندرجت ومعاني اللطف بها اندمجت,ومعاني اللطف بها اندمجت,اوصاف الجود بها اندرجت,المتدارك,ابن مليك الحموي
وعلى حكم القصد امتزجت فاذا اقتصدت ثم انعرجت,فاذا اقتصدت ثم انعرجت,وعلى حكم القصد امتزجت,المتدارك,ابن مليك الحموي
فبمقتصد وبمنعرج يبدو ويضوع لها ارج,يبدو ويضوع لها ارج,فبمقتصد وبمنعرج,المتدارك,ابن مليك الحموي
ويضيء لنا منها بلج عنها قل واحك ولا حرج,عنها قل واحك ولا حرج,ويضيء لنا منها بلج,المتدارك,ابن مليك الحموي
شهدت بعجائبها حجج قامت بالامر على الحجج,قامت بالامر على الحجج,شهدت بعجائبها حجج,المتدارك,ابن مليك الحموي
كم قلت لمن امسى لهجا رفقا لا تخش ظلام دجا,رفقا لا تخش ظلام دجا,كم قلت لمن امسى لهجا,المتدارك,ابن مليك الحموي
ولها اصبر وارج لها فرجا ورضى بقضاء الله حجا,ورضى بقضاء الله حجا,ولها اصبر وارج لها فرجا,المتدارك,ابن مليك الحموي
فعلى مركوزته فعج ومتى اخطاك سحاب ندى,ومتى اخطاك سحاب ندى,فعلى مركوزته فعج,المتدارك,ابن مليك الحموي
او سد عليك لبعد مدى قف بالاعتاب وكن جلدا,قف بالاعتاب وكن جلدا,او سد عليك لبعد مدى,المتدارك,ابن مليك الحموي
واذا انفتحت ابواب هدى فاعجل لخزائنها ولج,فاعجل لخزائنها ولج,واذا انفتحت ابواب هدى,المتدارك,ابن مليك الحموي
واذا ما رمت رعايتها في السعي فراع هدايتها,في السعي فراع هدايتها,واذا ما رمت رعايتها,المتدارك,ابن مليك الحموي
واجعل من مال بدايتها واذا حاولت نهايتها,واذا حاولت نهايتها,واجعل من مال بدايتها,المتدارك,ابن مليك الحموي
فاحذر اذاك من العرج واترك من لام وفيك هذي,واترك من لام وفيك هذي,فاحذر اذاك من العرج,المتدارك,ابن مليك الحموي
واذا هبت نسمات شذا فاسبق للخير وخذ نبذا,فاسبق للخير وخذ نبذا,واذا هبت نسمات شذا,المتدارك,ابن مليك الحموي
لتكون من السباق اذا ما جئت الى تلك الفرج,ما جئت الى تلك الفرج,لتكون من السباق اذا,المتدارك,ابن مليك الحموي
واذا ما عيشك لذته مرت وتقضت زينته,مرت وتقضت زينته,واذا ما عيشك لذته,المتدارك,ابن مليك الحموي
ها بان الحي وجيرته فهناك العيش وبهجته,فهناك العيش وبهجته,ها بان الحي وجيرته,المتدارك,ابن مليك الحموي
فلمبتهج ولمنتهج وجمار الشوق اذا اتقدت,وجمار الشوق اذا اتقدت,فلمبتهج ولمنتهج,المتدارك,ابن مليك الحموي
ولشدة عزمك ما خمدت وطغت اهواك وما جمدت,وطغت اهواك وما جمدت,ولشدة عزمك ما خمدت,المتدارك,ابن مليك الحموي
فهج الاعمال اذا ركدت فاذا ما هجت اذا تهج,فاذا ما هجت اذا تهج,فهج الاعمال اذا ركدت,المتدارك,ابن مليك الحموي
ورد التقوى فحلاوتها تنمو وتزيد طلاوتها,تنمو وتزيد طلاوتها,ورد التقوى فحلاوتها,المتدارك,ابن مليك الحموي
وعليك تفيض سماحتها ومعاصي الله سماجتها,ومعاصي الله سماجتها,وعليك تفيض سماحتها,المتدارك,ابن مليك الحموي
تزدان الذي الخلق السمج اياك وسوء جنايتها,اياك وسوء جنايتها,تزدان الذي الخلق السمج,المتدارك,ابن مليك الحموي
فلداجي ليل غوايتها ظلمات فوق ظلامتها,ظلمات فوق ظلامتها,فلداجي ليل غوايتها,المتدارك,ابن مليك الحموي
ولطاعته وصباحتها انوار صباح مبتلج,انوار صباح مبتلج,ولطاعته وصباحتها,المتدارك,ابن مليك الحموي
ومن الجنات ومشربها حوراها اخطب لتهذيها,حوراها اخطب لتهذيها,ومن الجنات ومشربها,المتدارك,ابن مليك الحموي
واجهد في حسن تطلبها من يخطب حور الخلد بها,من يخطب حور الخلد بها,واجهد في حسن تطلبها,المتدارك,ابن مليك الحموي
يظفر بالحور وبالغنج واذا ما منها رمت لقا,واذا ما منها رمت لقا,يظفر بالحور وبالغنج,المتدارك,ابن مليك الحموي
ونعيما لا يغشاه شقا وذرى عز في دار بقا,وذرى عز في دار بقا,ونعيما لا يغشاه شقا,المتدارك,ابن مليك الحموي
فكن المرضيّ لها بتقى ترضاه غدا وتكون نجي,ترضاه غدا وتكون نجي,فكن المرضيّ لها بتقى,المتدارك,ابن مليك الحموي
وبغير الله فلا تلذ وسواه اذا لا تتخذ,وسواه اذا لا تتخذ,وبغير الله فلا تلذ,المتدارك,ابن مليك الحموي
والزم محرابك واستعذ واتل القرآن بقلب ذي,واتل القرآن بقلب ذي,والزم محرابك واستعذ,المتدارك,ابن مليك الحموي
حرق وبصوت فيه شجي وكفى الآيات بلاغتها,وكفى الآيات بلاغتها,حرق وبصوت فيه شجي,المتدارك,ابن مليك الحموي
تنمو وتزيد حلاوتها وتحل الفكر بلاغتها,وتحل الفكر بلاغتها,تنمو وتزيد حلاوتها,المتدارك,ابن مليك الحموي
وصلاة الليل مسافتها فاذهب فيها بالفهم وحي,فاذهب فيها بالفهم وحي,وصلاة الليل مسافتها,المتدارك,ابن مليك الحموي
واعمل ان رمت تدانيها واشهد بالعقل مبانيها,واشهد بالعقل مبانيها,واعمل ان رمت تدانيها,المتدارك,ابن مليك الحموي
وتصورها ومثانيها وتأملها ومعانيها,وتأملها ومعانيها,وتصورها ومثانيها,المتدارك,ابن مليك الحموي
تأتي الفردوس توفترج وارتع في دوح تفكرها,وارتع في دوح تفكرها,تأتي الفردوس توفترج,المتدارك,ابن مليك الحموي
وأنعم تبوارد كوثرها واستحل صحاف معبقرها,واستحل صحاف معبقرها,وأنعم تبوارد كوثرها,المتدارك,ابن مليك الحموي
واشرب تسنيم مفجرها لا ممتزجا وبممتزج,لا ممتزجا وبممتزج,واشرب تسنيم مفجرها,المتدارك,ابن مليك الحموي
فالعقل به جود وندى والجهل به شين وردى,والجهل به شين وردى,فالعقل به جود وندى,المتدارك,ابن مليك الحموي
فلذا يا من لم يخش عدا مدح العقل الآتيه هدى,مدح العقل الآتيه هدى,فلذا يا من لم يخش عدا,المتدارك,ابن مليك الحموي
وهوى متول عنه هجي فالعلم تزيد بدايته,فالعلم تزيد بدايته,وهوى متول عنه هجي,المتدارك,ابن مليك الحموي
للناس هدى ونهايته فاحفظه تصنك هدايته,فاحفظه تصنك هدايته,للناس هدى ونهايته,المتدارك,ابن مليك الحموي
وكتاب الله رياضته لعقول الخلق بمندرج,لعقول الخلق بمندرج,وكتاب الله رياضته,المتدارك,ابن مليك الحموي
وكرام القوم تقاتهم وحماة الحيّ كماتهم,وحماة الحيّ كماتهم,وكرام القوم تقاتهم,المتدارك,ابن مليك الحموي
وسراتهم ساداتهم وخيار الناس هداتهم,وخيار الناس هداتهم,وسراتهم ساداتهم,المتدارك,ابن مليك الحموي
وسواهم من همج الهمج واذا كنت الليث البطلا,واذا كنت الليث البطلا,وسواهم من همج الهمج,المتدارك,ابن مليك الحموي
كن اول من للحرب صلى وتقدم ان حاولت علا,وتقدم ان حاولت علا,كن اول من للحرب صلى,المتدارك,ابن مليك الحموي
واذا كنت المقدام فلا تجزع في الحرب من الرهج,تجزع في الحرب من الرهج,واذا كنت المقدام فلا,المتدارك,ابن مليك الحموي
واسلك في سيرك مجتهدا منهاج القوم تجد رشدا,منهاج القوم تجد رشدا,واسلك في سيرك مجتهدا,المتدارك,ابن مليك الحموي
واحذر تتعداه ابدا واذا ابصرت منار هدى,واذا ابصرت منار هدى,واحذر تتعداه ابدا,المتدارك,ابن مليك الحموي
فاظهر فردا فوق الثبج واسكب من عين قد رمدت,واسكب من عين قد رمدت,فاظهر فردا فوق الثبج,المتدارك,ابن مليك الحموي
دمعا فضلوعك ما بردت والنفس لشوقك قد جهدت,والنفس لشوقك قد جهدت,دمعا فضلوعك ما بردت,المتدارك,ابن مليك الحموي
واذا اشتاقت نفس وجدت الماً بالشوق المعتلج,الماً بالشوق المعتلج,واذا اشتاقت نفس وجدت,المتدارك,ابن مليك الحموي
وانهض فحمولك باركة والعين لدمعك سافكة,والعين لدمعك سافكة,وانهض فحمولك باركة,المتدارك,ابن مليك الحموي
والنفس بزينت هالكة وثنايا الحسنا ضاحكة,وثنايا الحسنا ضاحكة,والنفس بزينت هالكة,المتدارك,ابن مليك الحموي
وتمام الضحك على الفلج وصن الاسرار اذا ارتفعت,وصن الاسرار اذا ارتفعت,وتمام الضحك على الفلج,المتدارك,ابن مليك الحموي
وافحظ بعراها ما وسعت فصدور الابرار اتسعت,فصدور الابرار اتسعت,وافحظ بعراها ما وسعت,المتدارك,ابن مليك الحموي
وغياب الاسرار اجتمعت يا مانتها تحت السرج,يا مانتها تحت السرج,وغياب الاسرار اجتمعت,المتدارك,ابن مليك الحموي
وارغب في الرفق وطالبه واستجل الصبر لراغبه,واستجل الصبر لراغبه,وارغب في الرفق وطالبه,المتدارك,ابن مليك الحموي
فالصبر مطية راكبه والرفق يدوم لصاحبه,والرفق يدوم لصاحبه,فالصبر مطية راكبه,المتدارك,ابن مليك الحموي
والخرق يصير إلى الهرج من لي بالبان وبالرند,من لي بالبان وبالرند,والخرق يصير إلى الهرج,المتدارك,ابن مليك الحموي
وأرى اعلام ربا نجد واقول من العلم الفرد,واقول من العلم الفرد,وأرى اعلام ربا نجد,المتدارك,ابن مليك الحموي
صلوات الله على المهدي الهادي الناس إلى النهج,الهادي الناس إلى النهج,صلوات الله على المهدي,المتدارك,ابن مليك الحموي
من قد سادت بشريعته وبمنهجه وطريقته,وبمنهجه وطريقته,من قد سادت بشريعته,المتدارك,ابن مليك الحموي
فخرا سادات عشيرته وابي بكر في سيرته,وابي بكر في سيرته,فخرا سادات عشيرته,المتدارك,ابن مليك الحموي
ولسان مقالته اللهج أكرم بعلو شهامته,أكرم بعلو شهامته,ولسان مقالته اللهج,المتدارك,ابن مليك الحموي
وتهجده واقامته وتقدمه وامامته,وتقدمه وامامته,وتهجده واقامته,المتدارك,ابن مليك الحموي
وابي حفص وكرامته في قصة سارية الخلج,في قصة سارية الخلج,وابي حفص وكرامته,المتدارك,ابن مليك الحموي
حرم الآمال وظل الظل والمشعر يعرفه والحل,والمشعر يعرفه والحل,حرم الآمال وظل الظل,المتدارك,ابن مليك الحموي
اكرم بابي حفص من خل وابي عمرو ذي النورين ال,وابي عمرو ذي النورين ال,اكرم بابي حفص من خل,المتدارك,ابن مليك الحموي
مستحيي المستحيي البهج من فاح لنشر هداه شذا,من فاح لنشر هداه شذا,مستحيي المستحيي البهج,المتدارك,ابن مليك الحموي
ولسنة طه ما نبذا وعلى حذو الشهداء حذا,وعلى حذو الشهداء حذا,ولسنة طه ما نبذا,المتدارك,ابن مليك الحموي
وابي حسن في العلم اذا وافى بسحائبه الخلج,وافى بسحائبه الخلج,وابي حسن في العلم اذا,المتدارك,ابن مليك الحموي
ان قلت فمقدام وبطل او ليث وغى الهيجا فاجل,او ليث وغى الهيجا فاجل,ان قلت فمقدام وبطل,المتدارك,ابن مليك الحموي
مولى بالحق قضى وعدل وهدى بضياء الذكر ودل,وهدى بضياء الذكر ودل,مولى بالحق قضى وعدل,المتدارك,ابن مليك الحموي
القوم على اسنى نهج وعلى الغر القوم الكرما,وعلى الغر القوم الكرما,القوم على اسنى نهج,المتدارك,ابن مليك الحموي
والصحب الباقين العظما من سادوا بالفضل لامما,من سادوا بالفضل لامما,والصحب الباقين العظما,المتدارك,ابن مليك الحموي
وعلى تباعهم العلما بعوارف دينهم البهج,بعوارف دينهم البهج,وعلى تباعهم العلما,المتدارك,ابن مليك الحموي
قوم من خالص مالهم وسحائب فيض نوالهم,وسحائب فيض نوالهم,قوم من خالص مالهم,المتدارك,ابن مليك الحموي
يعطونك قبل سؤالهم يا رب بهم وبآلهم,يا رب بهم وبآلهم,يعطونك قبل سؤالهم,المتدارك,ابن مليك الحموي
عجل بالنصر والفرج واغفر يا رب لناظمها,واغفر يا رب لناظمها,عجل بالنصر والفرج,المتدارك,ابن مليك الحموي
ولكاتبها ولراقمها ولسامعها وملازمها,ولسامعها وملازمها,ولكاتبها ولراقمها,المتدارك,ابن مليك الحموي
واختم عملي بخواتمها لأكون غداً في الحشر نجي,لأكون غداً في الحشر نجي,واختم عملي بخواتمها,المتدارك,ابن مليك الحموي
وانا ابن مليك معترفُ عاص لذنوبي مقترف,عاص لذنوبي مقترف,وانا ابن مليك معترفُ,المتدارك,ابن مليك الحموي
لا عن ابوابك منحرف لكن من جودك مغترف,لكن من جودك مغترف,لا عن ابوابك منحرف,المتدارك,ابن مليك الحموي
أُغاضِبُها وتُغاضِبُني وأُقاطِعُها وتُقاطعُني,وأُقاطِعُها وتُقاطعُني,أُغاضِبُها وتُغاضِبُني,المتدارك,عبد الولي الشميرى
ويَشُكُّ الآخَرُ في صاحِبِهِ وتَكادُ، تَكادُ تُلاعِنُني,وتَكادُ، تَكادُ تُلاعِنُني,ويَشُكُّ الآخَرُ في صاحِبِهِ,المتدارك,عبد الولي الشميرى
حتّى لا يَبقى فينا أَمَلٌ يُرْجَى، والحِقْدُ يُقَطِّعُني,يُرْجَى، والحِقْدُ يُقَطِّعُني,حتّى لا يَبقى فينا أَمَلٌ,المتدارك,عبد الولي الشميرى
فَيَرُنُّ الهاتِفُ بينَ يَدِي وصَوْتُ الكَيْدِ يُطارِدُني,وصَوْتُ الكَيْدِ يُطارِدُني,فَيَرُنُّ الهاتِفُ بينَ يَدِي,المتدارك,عبد الولي الشميرى
فأَقولُ، عَذَابي أنتِ عَذابي فتقولُ وأنتَ تُعَذِّبُني,فتقولُ وأنتَ تُعَذِّبُني,فأَقولُ، عَذَابي أنتِ عَذابي,المتدارك,عبد الولي الشميرى
فأُنازِعُها وتُنازِعُني وأُحاكِمُها، وتُحاكِمُني,وأُحاكِمُها، وتُحاكِمُني,فأُنازِعُها وتُنازِعُني,المتدارك,عبد الولي الشميرى
حتَّى يُفْرِغَ كُلٌّ مِنَّا ما في القلبِ مِنَ الضَّغَنِ,ما في القلبِ مِنَ الضَّغَنِ,حتَّى يُفْرِغَ كُلٌّ مِنَّا,المتدارك,عبد الولي الشميرى
فَتُجاذِبُني مِثْلَ الماضي وتَلُفُّ الحَبْلَ على ذَقْني,وتَلُفُّ الحَبْلَ على ذَقْني,فَتُجاذِبُني مِثْلَ الماضي,المتدارك,عبد الولي الشميرى
قَبْلَ المأذونِ أو القاضي تَبكي عُذْرًا، تَسْتَغْفِرُني,تَبكي عُذْرًا، تَسْتَغْفِرُني,قَبْلَ المأذونِ أو القاضي,المتدارك,عبد الولي الشميرى
فإذا دَمعي يَسْقي خَدًّا حينَ أغيبُ يُعَذِّبُني,حينَ أغيبُ يُعَذِّبُني,فإذا دَمعي يَسْقي خَدًّا,المتدارك,عبد الولي الشميرى
وإذا روحي في كَفَّيْها مِثلُ العُصْفورِ على الغُصْنِ,مِثلُ العُصْفورِ على الغُصْنِ,وإذا روحي في كَفَّيْها,المتدارك,عبد الولي الشميرى
لَعَنَ اللهُ سُيوفَ الحُبِّ إلام الحُبُّ يُعَذِّبُني؟,إلام الحُبُّ يُعَذِّبُني؟,لَعَنَ اللهُ سُيوفَ الحُبِّ,المتدارك,عبد الولي الشميرى
خُذ في الأشعَارِ عَلَى الخَبَبِ فَقُصورُكَ عَنهُ مِن العَجَبِ,فَقُصورُكَ عَنهُ مِن العَجَبِ,خُذ في الأشعَارِ عَلَى الخَبَبِ,المتدارك,أبو الحسن بن حريق
هَذَا وَبَنُو الآدابِ قَضَوا لَكَ بِالعَليَاءِ مِن الرُّتَبِ,لَكَ بِالعَليَاءِ مِن الرُّتَبِ,هَذَا وَبَنُو الآدابِ قَضَوا,المتدارك,أبو الحسن بن حريق
مَا بَيْنَ لُصُوصٍ وَلُصُوصٍ فَرْقٌ فِي الأَعْلَى وَالأَدْنَى,فَرْقٌ فِي الأَعْلَى وَالأَدْنَى,مَا بَيْنَ لُصُوصٍ وَلُصُوصٍ,المتدارك,خليل مطران
لِصِغَارِهِمُ المَوْتُ المُزْرِي وَكِبَارِهِمُ الشَّرَفُ الأَسْنَى,وَكِبَارِهِمُ الشَّرَفُ الأَسْنَى,لِصِغَارِهِمُ المَوْتُ المُزْرِي,المتدارك,خليل مطران
يا مصر سماؤك جوهرة وثراك بحار عسجده,وثراك بحار عسجده,يا مصر سماؤك جوهرة,المتدارك,أحمد شوقي
والنيل حياة دافقة ونعيم عذب مورِده,ونعيم عذب مورِده,والنيل حياة دافقة,المتدارك,أحمد شوقي
والملك سعيد حاضره لك في الدنيا حر غده,لك في الدنيا حر غده,والملك سعيد حاضره,المتدارك,أحمد شوقي
والعصر إليك تقرّبه وإلى حاميك تودّده,وإلى حاميك تودّده,والعصر إليك تقرّبه,المتدارك,أحمد شوقي
والشرق رقيك مظهره وحضارة جيلك سؤدده,وحضارة جيلك سؤدده,والشرق رقيك مظهره,المتدارك,أحمد شوقي
لسريرك بين أسرّته أعلى التاريخ وأمجده,أعلى التاريخ وأمجده,لسريرك بين أسرّته,المتدارك,أحمد شوقي
بعلو الهمة نرجعه وبنشر العلم نجدّده,وبنشر العلم نجدّده,بعلو الهمة نرجعه,المتدارك,أحمد شوقي
الصبر ثوى لما حجبوا بدراً قد أذاب هواه الحشى,بدراً قد أذاب هواه الحشى,الصبر ثوى لما حجبوا,المتدارك,مبارك بن حمد العقيلي
قولوا لهموا ما قصد هموا وهواه لقلب الصب حشى,وهواه لقلب الصب حشى,قولوا لهموا ما قصد هموا,المتدارك,مبارك بن حمد العقيلي
قلبي قلق جسمي شحب ما بهما قسراً رقشا,ما بهما قسراً رقشا,قلبي قلق جسمي شحب,المتدارك,مبارك بن حمد العقيلي
إني لغريب عندهموا لو كان بربعي ما بطشا,لو كان بربعي ما بطشا,إني لغريب عندهموا,المتدارك,مبارك بن حمد العقيلي
يا قوم خذوا منه قودي فأنا لرداي أراه بشا,فأنا لرداي أراه بشا,يا قوم خذوا منه قودي,المتدارك,مبارك بن حمد العقيلي
رحلوا سحراً جلبوا فِكَراً فِكَراً جلبوا سحراً رحلوا,فِكَراً جلبوا سحراً رحلوا,رحلوا سحراً جلبوا فِكَراً,المتدارك,الملك الأمجد
عدلوا عن عهدِهمُ طوعاً طوعاً عن عهدِهمُ عدلوا,طوعاً عن عهدِهمُ عدلوا,عدلوا عن عهدِهمُ طوعاً,المتدارك,الملك الأمجد
فعلوا بِدَعاً بمحبتِّهمُ بمحبتِّهمُ بِدَعاً فعلوا,بمحبتِّهمُ بِدَعاً فعلوا,فعلوا بِدَعاً بمحبتِّهمُ,المتدارك,الملك الأمجد
جَهِلوا كلفي بمحاسنهمْ بمحاسنهمْ كلفي جَهِلوا,بمحاسنهمْ كلفي جَهِلوا,جَهِلوا كلفي بمحاسنهمْ,المتدارك,الملك الأمجد
كَمُلوا حسناً طابوا خبراً خبراً طابوا حسناً كَمُلوا,خبراً طابوا حسناً كَمُلوا,كَمُلوا حسناً طابوا خبراً,المتدارك,الملك الأمجد
ما بالُ الحُبِّ مَشانِقُهُ تَغتالُ الصَّبَّ وتُحْرِقُهُ؟,تَغتالُ الصَّبَّ وتُحْرِقُهُ؟,ما بالُ الحُبِّ مَشانِقُهُ,المتدارك,عبد الولي الشميرى
والشَّوقُ الشَّوقُ مَطارِقُهُ تَقْتُلُ صَبري وتُمَزِّقُهُ,تَقْتُلُ صَبري وتُمَزِّقُهُ,والشَّوقُ الشَّوقُ مَطارِقُهُ,المتدارك,عبد الولي الشميرى
والمَوْجُ المَوْجُ يُدَفِّقُهُ واللَّيلُ يَمُدُّ ويُغْرِقُهُ,واللَّيلُ يَمُدُّ ويُغْرِقُهُ,والمَوْجُ المَوْجُ يُدَفِّقُهُ,المتدارك,عبد الولي الشميرى
كاد التَّيَّارُ يُطَوِّقُهُ لولا الشّاطئُ يعشقُه,لولا الشّاطئُ يعشقُه,كاد التَّيَّارُ يُطَوِّقُهُ,المتدارك,عبد الولي الشميرى
ما بالُ الحُبِّ مَشانِقُهُ تغتالُ القلبَ وتُحْرِقُهُ,تغتالُ القلبَ وتُحْرِقُهُ,ما بالُ الحُبِّ مَشانِقُهُ,المتدارك,عبد الولي الشميرى
ليلٌ يَجْثو بِوَساوِسِهِ وسماءٌ تَزخَرُ بِالشُّهُبِ,وسماءٌ تَزخَرُ بِالشُّهُبِ,ليلٌ يَجْثو بِوَساوِسِهِ,المتدارك,عبد الولي الشميرى
والنّيلُ تَمَوَّجَ أَضواءً يَزهو بِالعِشقِ وبالطَّرَبِ,يَزهو بِالعِشقِ وبالطَّرَبِ,والنّيلُ تَمَوَّجَ أَضواءً,المتدارك,عبد الولي الشميرى
جَمَعَ الأَحبابَ وطَوَّقَهُمْ بِعُقُودِ الفِضَّةِ والذَّهَبِ,بِعُقُودِ الفِضَّةِ والذَّهَبِ,جَمَعَ الأَحبابَ وطَوَّقَهُمْ,المتدارك,عبد الولي الشميرى
وبَناتُ البَدْرِ تُخَضِّبُهُمْ أمواهُ النِّيلِ مِنَ العَجَبَ,أمواهُ النِّيلِ مِنَ العَجَبَ,وبَناتُ البَدْرِ تُخَضِّبُهُمْ,المتدارك,عبد الولي الشميرى
ما بالُ الحُبِّ مشانِقُهُ تغتالُ القَلبَ وتُحْرِقُهُ,تغتالُ القَلبَ وتُحْرِقُهُ,ما بالُ الحُبِّ مشانِقُهُ,المتدارك,عبد الولي الشميرى
ما بالُ الطَّيْفِ يَطُوفُ بِي من مُنْعَطَفٍ ولِمُنْعَطَفِ,من مُنْعَطَفٍ ولِمُنْعَطَفِ,ما بالُ الطَّيْفِ يَطُوفُ بِي,المتدارك,عبد الولي الشميرى
واللَّيلُ اللَّيلُ كَواكِبُهُ هَيْما تَرْكُضُ في السُّقُفِ,هَيْما تَرْكُضُ في السُّقُفِ,واللَّيلُ اللَّيلُ كَواكِبُهُ,المتدارك,عبد الولي الشميرى
ساعاتُ العُمْرِ تُناشِدُها وأُناشِدُها بالله قِفِي,وأُناشِدُها بالله قِفِي,ساعاتُ العُمْرِ تُناشِدُها,المتدارك,عبد الولي الشميرى
صُبَّ مُضْنَاكَ، صبْ دمعَه كالقربْ,دمعَه كالقربْ,صُبَّ مُضْنَاكَ، صبْ,المتدارك,عبد الولي الشميرى
حالُه في المآ سي والعَنا والتَّعَبْ,سي والعَنا والتَّعَبْ,حالُه في المآ,المتدارك,عبد الولي الشميرى
يومُهُ واللّيا لي في البُكا مُذْ أَحَبّْ,لي في البُكا مُذْ أَحَبّْ,يومُهُ واللّيا,المتدارك,عبد الولي الشميرى
لا تَلُومِيهِ لا تَستغربي لا عَتَب,تَستغربي لا عَتَب,لا تَلُومِيهِ لا,المتدارك,عبد الولي الشميرى
ذاقَ ما ذاقَ مِن خمرِ الهَوى وانتحبْ,خمرِ الهَوى وانتحبْ,ذاقَ ما ذاقَ مِن,المتدارك,عبد الولي الشميرى
آهِ مِن قولِ آهِ في الحَنايا لَهَب,في الحَنايا لَهَب,آهِ مِن قولِ آهِ,المتدارك,عبد الولي الشميرى
عافَ أوتارَهُ والـ ـعَزْفَ عافَ الطَّرَبْ,ـعَزْفَ عافَ الطَّرَبْ,عافَ أوتارَهُ والـ,المتدارك,عبد الولي الشميرى
نَحنُ الكَشّافَةُ في الوادي جِبريلُ الروحُ لَنا حادي,جِبريلُ الروحُ لَنا حادي,نَحنُ الكَشّافَةُ في الوادي,المتدارك,أحمد شوقي
يا رَبِّ بِعيسى وَالهادي وَبِموسى خُذ بِيَدِ الوَطَنِ,وَبِموسى خُذ بِيَدِ الوَطَنِ,يا رَبِّ بِعيسى وَالهادي,المتدارك,أحمد شوقي
كَشّافَةُ مِصرَ وَصِبيَتُها وَمُناةُ الدارِ وَمُنيَتُها,وَمُناةُ الدارِ وَمُنيَتُها,كَشّافَةُ مِصرَ وَصِبيَتُها,المتدارك,أحمد شوقي
وَجَمالُ الأَرضِ وَحليَتُها وَطَلائِعُ أَفراحِ المُدُنِ,وَطَلائِعُ أَفراحِ المُدُنِ,وَجَمالُ الأَرضِ وَحليَتُها,المتدارك,أحمد شوقي
نَبتَدِرُ الخَيرَ وَنَستَبِقُ ما يَرضى الخالِقُ وَالخُلُقُ,ما يَرضى الخالِقُ وَالخُلُقُ,نَبتَدِرُ الخَيرَ وَنَستَبِقُ,المتدارك,أحمد شوقي
بِالنَفسِ وَخالِقِها نَثِقُ وَنَزيدُ وُثوقاً في المِحَنِ,وَنَزيدُ وُثوقاً في المِحَنِ,بِالنَفسِ وَخالِقِها نَثِقُ,المتدارك,أحمد شوقي
في السَهلِ نَرِف رَياحينا وَنَجوبُ الصَخرَ شَياطينا,وَنَجوبُ الصَخرَ شَياطينا,في السَهلِ نَرِف رَياحينا,المتدارك,أحمد شوقي
نَبني الأَبدانَ وَتَبنينا وَالهِمَّةُ في الجِسمِ المَرِنِ,وَالهِمَّةُ في الجِسمِ المَرِنِ,نَبني الأَبدانَ وَتَبنينا,المتدارك,أحمد شوقي
وَنُخَلّي الخَلقَ وَما اِعتَقَدوا وَلِوَجهِ الخالِقِ نَجتَهِدُ,وَلِوَجهِ الخالِقِ نَجتَهِدُ,وَنُخَلّي الخَلقَ وَما اِعتَقَدوا,المتدارك,أحمد شوقي
نَأسوا الجَرحى أَنّى وُجِدوا وَنُداوي مِن جَرحِ الزَمَنِ,وَنُداوي مِن جَرحِ الزَمَنِ,نَأسوا الجَرحى أَنّى وُجِدوا,المتدارك,أحمد شوقي
في الصِدقِ نَشَأنا وَالكَوَمِ وَالعِفَّةِ عَن مَسِّ الحُرَمِ,وَالعِفَّةِ عَن مَسِّ الحُرَمِ,في الصِدقِ نَشَأنا وَالكَوَمِ,المتدارك,أحمد شوقي
وَرِعايَةِ طِفلٍ أَو هَرِمِ وَالذَودُ عَنِ الغيدِ الحُصُنِ,وَالذَودُ عَنِ الغيدِ الحُصُنِ,وَرِعايَةِ طِفلٍ أَو هَرِمِ,المتدارك,أحمد شوقي
وَنُوافي الصارِخَ في اللُجَجِ وَالنارِ الساطِعَةِ الوَهَجِ,وَالنارِ الساطِعَةِ الوَهَجِ,وَنُوافي الصارِخَ في اللُجَجِ,المتدارك,أحمد شوقي
لا نَسأَلُهُ ثَمَنَ المُهَجِ وَكَفى بِالواجِبِ مِن ثَمَنِ,وَكَفى بِالواجِبِ مِن ثَمَنِ,لا نَسأَلُهُ ثَمَنَ المُهَجِ,المتدارك,أحمد شوقي
يا رَبِّ فَكَثِّرنا عَدَدا وَاِبذُل لِأُبُوَّتِنا المَدَدا,وَاِبذُل لِأُبُوَّتِنا المَدَدا,يا رَبِّ فَكَثِّرنا عَدَدا,المتدارك,أحمد شوقي
هَيِّئ لَهُم وَلَنا رَشَدا يا رَبِّ وَخُذ بِيَدِ الوَطَنِ,يا رَبِّ وَخُذ بِيَدِ الوَطَنِ,هَيِّئ لَهُم وَلَنا رَشَدا,المتدارك,أحمد شوقي
لحظ يسبيك مقلده ام سيف شاقك مغمده,ام سيف شاقك مغمده,لحظ يسبيك مقلده,المتدارك,ابن مليك الحموي
وقوام زاه معتدل يهتز به ام املده,يهتز به ام املده,وقوام زاه معتدل,المتدارك,ابن مليك الحموي
رشأ لهلال نسبته يجلو بالشعر تجعده,يجلو بالشعر تجعده,رشأ لهلال نسبته,المتدارك,ابن مليك الحموي
زوجي الشعر غزال خطا تركي اللحظ منهده,تركي اللحظ منهده,زوجي الشعر غزال خطا,المتدارك,ابن مليك الحموي
فرد يتثنى عامله ماض في الحال مجرده,ماض في الحال مجرده,فرد يتثنى عامله,المتدارك,ابن مليك الحموي
اياك واسمر قامته واحذر يرنو لك اسوده,واحذر يرنو لك اسوده,اياك واسمر قامته,المتدارك,ابن مليك الحموي
ذو فرع ساد كتون دجا يتجلى جل مسوده,يتجلى جل مسوده,ذو فرع ساد كتون دجا,المتدارك,ابن مليك الحموي
عن فيه صحاح الدر روت ما صح عنه مبرده,ما صح عنه مبرده,عن فيه صحاح الدر روت,المتدارك,ابن مليك الحموي
يمشي فيريك له كفلا منه يتألم مقعده,منه يتألم مقعده,يمشي فيريك له كفلا,المتدارك,ابن مليك الحموي
ويكاد اذا ما رام على عجل ليقوم فيقعده,عجل ليقوم فيقعده,ويكاد اذا ما رام على,المتدارك,ابن مليك الحموي
واذا ما شد مناطقه فيريك اللين تشدده,فيريك اللين تشدده,واذا ما شد مناطقه,المتدارك,ابن مليك الحموي
قاس بالوصل به ملل بدنيه الصب فيبعده,بدنيه الصب فيبعده,قاس بالوصل به ملل,المتدارك,ابن مليك الحموي
امن الانصاف ابيت به سهران الليل ويرقده,سهران الليل ويرقده,امن الانصاف ابيت به,المتدارك,ابن مليك الحموي
فالقلب يذوب عليه اسى والصبر عصاه تجلده,والصبر عصاه تجلده,فالقلب يذوب عليه اسى,المتدارك,ابن مليك الحموي
لو اشكي ما بي منه إلى صخر لتفتت جلمده,صخر لتفتت جلمده,لو اشكي ما بي منه إلى,المتدارك,ابن مليك الحموي
او هام به جبل لهوى مما بالهجر يهدده,مما بالهجر يهدده,او هام به جبل لهوى,المتدارك,ابن مليك الحموي
بابي افديه غزال خبا يا للغزلان تشرده,يا للغزلان تشرده,بابي افديه غزال خبا,المتدارك,ابن مليك الحموي
عجبا في الحسن له رشأ غنج والاسد تصيده,غنج والاسد تصيده,عجبا في الحسن له رشأ,المتدارك,ابن مليك الحموي
وعجيب كيف بصول رشا بل اعجب منه تاسده,بل اعجب منه تاسده,وعجيب كيف بصول رشا,المتدارك,ابن مليك الحموي
هو بدر الحي وغصن نقا وغزال السرب وأغيده,وغزال السرب وأغيده,هو بدر الحي وغصن نقا,المتدارك,ابن مليك الحموي
فعلام عليه يعنفني من عني راح يفنده,من عني راح يفنده,فعلام عليه يعنفني,المتدارك,ابن مليك الحموي
تبّا لعذول فيه طغى بالعذل وزاد تمرده,بالعذل وزاد تمرده,تبّا لعذول فيه طغى,المتدارك,ابن مليك الحموي
ايظن بان اخشاه ولي في الافق شهاب يرصده,في الافق شهاب يرصده,ايظن بان اخشاه ولي,المتدارك,ابن مليك الحموي
مولى لعلاه البدر غدا في التم يغار ويحسده,في التم يغار ويحسده,مولى لعلاه البدر غدا,المتدارك,ابن مليك الحموي
كهف تسعى الشعراء له زمرا كالنمل وتقصده,زمرا كالنمل وتقصده,كهف تسعى الشعراء له,المتدارك,ابن مليك الحموي
فحديث نداه يداه غدت لعطا ترويه وتسنده,لعطا ترويه وتسنده,فحديث نداه يداه غدت,المتدارك,ابن مليك الحموي
هو بحرٌ الا ان حلا وصفا للشارب مورده,وصفا للشارب مورده,هو بحرٌ الا ان حلا,المتدارك,ابن مليك الحموي
انا مغترف من نائله انا معترف لا اجحده,انا معترف لا اجحده,انا مغترف من نائله,المتدارك,ابن مليك الحموي
فاليك قواف مذ نظمت رقص الياقوت منضده,رقص الياقوت منضده,فاليك قواف مذ نظمت,المتدارك,ابن مليك الحموي
لك من اوصا في احسنها ولها من جودك اجوده,ولها من جودك اجوده,لك من اوصا في احسنها,المتدارك,ابن مليك الحموي
لا زال سرورك مكتملا وصفا من عيشك ارغده,وصفا من عيشك ارغده,لا زال سرورك مكتملا,المتدارك,ابن مليك الحموي
ما صاح هزار ربا طربا وحلا في الروض تغرده,وحلا في الروض تغرده,ما صاح هزار ربا طربا,المتدارك,ابن مليك الحموي
شملَت ببقائِكِم النعَمُ وسمتِ برجائِكُمُ الهِمَمُ,وسمتِ برجائِكُمُ الهِمَمُ,شملَت ببقائِكِم النعَمُ,المتدارك,أبو العباس الجراوي
وهَمَت ديمٌ من راحَتِكُم هيهاتَ تُساجِلُها الديَمُ,هيهاتَ تُساجِلُها الديَمُ,وهَمَت ديمٌ من راحَتِكُم,المتدارك,أبو العباس الجراوي
وعَنَت لعزائِمكم عربٌ تشقى بصوارِمَها العجَمُ,تشقى بصوارِمَها العجَمُ,وعَنَت لعزائِمكم عربٌ,المتدارك,أبو العباس الجراوي
أسدٌ تنقادُ الأسدُ لها بهمٌ تنقادُ لها البهَمُ,بهمٌ تنقادُ لها البهَمُ,أسدٌ تنقادُ الأسدُ لها,المتدارك,أبو العباس الجراوي
حمدت شيم الأيام بكم ولكم ذمت منها الشيم,ولكم ذمت منها الشيم,حمدت شيم الأيام بكم,المتدارك,أبو العباس الجراوي
بهرت أنوارُ خلافتكم وسماءُ العلم بها علمُ,وسماءُ العلم بها علمُ,بهرت أنوارُ خلافتكم,المتدارك,أبو العباس الجراوي
فرأى من ليس له بصرٌ ووعى من كان به صممُ,ووعى من كان به صممُ,فرأى من ليس له بصرٌ,المتدارك,أبو العباس الجراوي
وانافَ المجدُ على زُحلٍ وأتى بغرائبهِ الكرمُ,وأتى بغرائبهِ الكرمُ,وانافَ المجدُ على زُحلٍ,المتدارك,أبو العباس الجراوي
أعيا البلغاءَ مقامكم ولو آن مقالهم حكم,ولو آن مقالهم حكم,أعيا البلغاءَ مقامكم,المتدارك,أبو العباس الجراوي
العيد أحقُّ بتهنئةٍ فلهُ بكم فخرٌ عممُ,فلهُ بكم فخرٌ عممُ,العيد أحقُّ بتهنئةٍ,المتدارك,أبو العباس الجراوي
دمتم والكلُّ يلوذُ بكم من صرفِ الدهرِ ويعتصِمُ,من صرفِ الدهرِ ويعتصِمُ,دمتم والكلُّ يلوذُ بكم,المتدارك,أبو العباس الجراوي
أمنَ الهجران غدا جسدي مضنى وغدت قرحى كبدي,مضنى وغدت قرحى كبدي,أمنَ الهجران غدا جسدي,المتدارك,ابن دنينير
أم من وجد بك أكتمهُ قد وكّل جفني بالسهد,قد وكّل جفني بالسهد,أم من وجد بك أكتمهُ,المتدارك,ابن دنينير
فالقلب غريم غرام فيـ ـك يعالجه حتّى الأبد,ـك يعالجه حتّى الأبد,فالقلب غريم غرام فيـ,المتدارك,ابن دنينير
فدموع جفوني في صبب ولهيب فوادي في صعَدِ,ولهيب فوادي في صعَدِ,فدموع جفوني في صبب,المتدارك,ابن دنينير
يا متلف روحي ما علقت بسوى تعذيب منك يدي,بسوى تعذيب منك يدي,يا متلف روحي ما علقت,المتدارك,ابن دنينير
كم أغضى الجفن على مضض وصدودك قد أوهى جلدي,وصدودك قد أوهى جلدي,كم أغضى الجفن على مضض,المتدارك,ابن دنينير
هب أنّك قد واصلت أما بالهجر قطعت قوى جسدي,بالهجر قطعت قوى جسدي,هب أنّك قد واصلت أما,المتدارك,ابن دنينير
قسما بوداد أخلصهُ ما دار سلوك في خلدي,ما دار سلوك في خلدي,قسما بوداد أخلصهُ,المتدارك,ابن دنينير
كلا ولمى اصغى سمعى لكلام عذولٍ ذي فندِ,لكلام عذولٍ ذي فندِ,كلا ولمى اصغى سمعى,المتدارك,ابن دنينير
قالوا توديعك بعد غدٍ فوداع فؤادي بعد غد,فوداع فؤادي بعد غد,قالوا توديعك بعد غدٍ,المتدارك,ابن دنينير
عيناي جنت فعلام غدا قلبي ما خوذا بالقود,قلبي ما خوذا بالقود,عيناي جنت فعلام غدا,المتدارك,ابن دنينير
وجفونك ترشقني أبداً بنبال تنفذ في الزرد,بنبال تنفذ في الزرد,وجفونك ترشقني أبداً,المتدارك,ابن دنينير
وبطرفك سحر صدت به قلبي إذ ينفث في العقد,قلبي إذ ينفث في العقد,وبطرفك سحر صدت به,المتدارك,ابن دنينير
وبثغرك درّ زاد على حسن الإغريض مع البرد,حسن الإغريض مع البرد,وبثغرك درّ زاد على,المتدارك,ابن دنينير
فالدمع طليق منذ نأيـ ـت وقلبي عندك في صفد,ـت وقلبي عندك في صفد,فالدمع طليق منذ نأيـ,المتدارك,ابن دنينير
أصبحت فريد الحسن كمثـ ـل ضياء الدين المنفرد,ـل ضياء الدين المنفرد,أصبحت فريد الحسن كمثـ,المتدارك,ابن دنينير
المخجل صوب المزن فما يوليه يفوت عن العددِ,يوليه يفوت عن العددِ,المخجل صوب المزن فما,المتدارك,ابن دنينير
يا مترع كأس الجود لقد ظمأ روحي فالقلب صد,ظمأ روحي فالقلب صد,يا مترع كأس الجود لقد,المتدارك,ابن دنينير
قمّصت الدهر ثياب علا وبنيه بأثواب جدُدِ,وبنيه بأثواب جدُدِ,قمّصت الدهر ثياب علا,المتدارك,ابن دنينير
أضحكت الجود وكان غداً في الناس بوجه منعقد,في الناس بوجه منعقد,أضحكت الجود وكان غداً,المتدارك,ابن دنينير
يا نجل محمّد المبعو ث بدينكم ذا اخلق هدي,ث بدينكم ذا اخلق هدي,يا نجل محمّد المبعو,المتدارك,ابن دنينير
بقضائكم نزل القرآ ن ومدحكم لاعن سند,ن ومدحكم لاعن سند,بقضائكم نزل القرآ,المتدارك,ابن دنينير
ولأنتم نور الله غدا في آدم حقا حين بدي,في آدم حقا حين بدي,ولأنتم نور الله غدا,المتدارك,ابن دنينير
أمناء الله وصفوتهُ وخيار الخلق بمعتقدي,وخيار الخلق بمعتقدي,أمناء الله وصفوتهُ,المتدارك,ابن دنينير
يا زيد وحبك لي دين وعلى آرائك معتمدي,وعلى آرائك معتمدي,يا زيد وحبك لي دين,المتدارك,ابن دنينير
حسدوك على أنوار علا ك واين البدر من الحسد,ك واين البدر من الحسد,حسدوك على أنوار علا,المتدارك,ابن دنينير
وعليم أنت بمن يطوي لكم الاحشاء على ضمد,لكم الاحشاء على ضمد,وعليم أنت بمن يطوي,المتدارك,ابن دنينير
لك عرض لا يعروه قذى ومقال قورن بالسدد,ومقال قورن بالسدد,لك عرض لا يعروه قذى,المتدارك,ابن دنينير
وةمقال الزور فعندهم والمين لهم أقوى العدد,والمين لهم أقوى العدد,وةمقال الزور فعندهم,المتدارك,ابن دنينير
لكنك رحت لهم أسداً وهم في النسبة كالنقد,وهم في النسبة كالنقد,لكنك رحت لهم أسداً,المتدارك,ابن دنينير
فوحقّك دأبي هجرهم أبدا حتى يفنى أمدي,أبدا حتى يفنى أمدي,فوحقّك دأبي هجرهم,المتدارك,ابن دنينير
وإليكَ العذر بهجوهم إذ حلمك أرسى من أحد,إذ حلمك أرسى من أحد,وإليكَ العذر بهجوهم,المتدارك,ابن دنينير
أَبعَيدَ الشّبابِ هَوى وَصِبا كلا لا لَهوَ ولا لَعِبا,كلا لا لَهوَ ولا لَعِبا,أَبعَيدَ الشّبابِ هَوى وَصِبا,المتدارك,أبو الحسن بن حريق
ذَرتِ السِّتونَ بُرادَتَها فِي مِسكِ عِذارَكِ فاشتَهَبَا,فِي مِسكِ عِذارَكِ فاشتَهَبَا,ذَرتِ السِّتونَ بُرادَتَها,المتدارك,أبو الحسن بن حريق
يا نفسُ أحيَي تَصِلِي أمَلاً عيشي رَجَباً تَرَي عَجَبا,عيشي رَجَباً تَرَي عَجَبا,يا نفسُ أحيَي تَصِلِي أمَلاً,المتدارك,أبو الحسن بن حريق
فَخُذَن فِي شُكرِ الكَبرَةِ مَا جاءَ الإِصباحُ وَمَا ذَهَبَا,جاءَ الإِصباحُ وَمَا ذَهَبَا,فَخُذَن فِي شُكرِ الكَبرَةِ مَا,المتدارك,أبو الحسن بن حريق
فِيها أحرَزتَ مَعَارِفَ مَا أبلَيتَ لِجِدّتِهِ الحِقَبا,أبلَيتَ لِجِدّتِهِ الحِقَبا,فِيها أحرَزتَ مَعَارِفَ مَا,المتدارك,أبو الحسن بن حريق
وَالخمرُ إِذا عُتِّقَت وَصَفَت أغلَى ثمَناً مِنهَا عِنَبَا,أغلَى ثمَناً مِنهَا عِنَبَا,وَالخمرُ إِذا عُتِّقَت وَصَفَت,المتدارك,أبو الحسن بن حريق
وَبَقيّةُ عُمرِ المَرءِ لَهُ إِن كانَ بِها طَبَّاً دَرِبا,إِن كانَ بِها طَبَّاً دَرِبا,وَبَقيّةُ عُمرِ المَرءِ لَهُ,المتدارك,أبو الحسن بن حريق
يَبنِي فِيهَا بإِنَابَتِهِ ما هَدَّمَهُ أيامَ صِبا,ما هَدَّمَهُ أيامَ صِبا,يَبنِي فِيهَا بإِنَابَتِهِ,المتدارك,أبو الحسن بن حريق
وَيُنَبّهُ عَينَ تُقىً هَجَعَت وَيُعمِّرُ بيت حِجىً خرِبا,وَيُعمِّرُ بيت حِجىً خرِبا,وَيُنَبّهُ عَينَ تُقىً هَجَعَت,المتدارك,أبو الحسن بن حريق
ويُحَبُر فيها الشِّعرَ على وَزنٍ هَزجيُدعَى الخَبَبا,وَزنٍ هَزجيُدعَى الخَبَبا,ويُحَبُر فيها الشِّعرَ على,المتدارك,أبو الحسن بن حريق
وَحشٍ في العُربِ مَنازِلُهُ مَجهولِ الأصلِ إذا نُسِبا,مَجهولِ الأصلِ إذا نُسِبا,وَحشٍ في العُربِ مَنازِلُهُ,المتدارك,أبو الحسن بن حريق
سَهلِ التَّقطِيعِ وَلَكِن لَم يُنطق بَارِيكَ بِهِ العَرَبا,يُنطق بَارِيكَ بِهِ العَرَبا,سَهلِ التَّقطِيعِ وَلَكِن لَم,المتدارك,أبو الحسن بن حريق
نَكِرَتهُ فَلَم يَضرِب وَتِداً فِي الحَيِّ وَلَم يَمدُد سبَبَا,فِي الحَيِّ وَلَم يَمدُد سبَبَا,نَكِرَتهُ فَلَم يَضرِب وَتِداً,المتدارك,أبو الحسن بن حريق
اليَومَ نَسودُ بِوادينا وَنُعيدُ مَحاسِنَ ماضينا,وَنُعيدُ مَحاسِنَ ماضينا,اليَومَ نَسودُ بِوادينا,المتدارك,أحمد شوقي
وَيُشيدُ العِزَّ بِأَيدينا وَطَنٌ نَفديهِ وَيَفدينا,وَطَنٌ نَفديهِ وَيَفدينا,وَيُشيدُ العِزَّ بِأَيدينا,المتدارك,أحمد شوقي
وَطَنٌ بِالحَقِّ نُؤَيِّدُهُ وَبِعَينِ اللَهِ نُشَيِّدُهُ,وَبِعَينِ اللَهِ نُشَيِّدُهُ,وَطَنٌ بِالحَقِّ نُؤَيِّدُهُ,المتدارك,أحمد شوقي
وَنُحَسِّنُهُ وَنُزَيِّنُهُ بِمَآثِرِنا وَمَساعينا,بِمَآثِرِنا وَمَساعينا,وَنُحَسِّنُهُ وَنُزَيِّنُهُ,المتدارك,أحمد شوقي
سِرُّ التاريخِ وَعُنصُرُهُ وَسَريرُ الدَهرِ وَمِنبَرُهُ,وَسَريرُ الدَهرِ وَمِنبَرُهُ,سِرُّ التاريخِ وَعُنصُرُهُ,المتدارك,أحمد شوقي
وَجِنانُ الخُلدِ وَكَوثَرُهُ وَكَفى الآباءُ رَياحينا,وَكَفى الآباءُ رَياحينا,وَجِنانُ الخُلدِ وَكَوثَرُهُ,المتدارك,أحمد شوقي
نَتَّخِذُ الشَمسَ لَهُ تاجا وَضُحاها عَرشاً وَهّاجا,وَضُحاها عَرشاً وَهّاجا,نَتَّخِذُ الشَمسَ لَهُ تاجا,المتدارك,أحمد شوقي
وَسَماءَ السُؤدُدِ أَبراجا وَكَذَلِكَ كانَ أَوالينا,وَكَذَلِكَ كانَ أَوالينا,وَسَماءَ السُؤدُدِ أَبراجا,المتدارك,أحمد شوقي
العَصرُ يَراكُمُ وَالأُمَمُ وَالكَرنَكُ يَلحَظُ وَالهَرَمُ,وَالكَرنَكُ يَلحَظُ وَالهَرَمُ,العَصرُ يَراكُمُ وَالأُمَمُ,المتدارك,أحمد شوقي
أَبني الأَوطانَ أَلا هِمَمُ كَبِناءِ الأَوَّلِ يَبنينا,كَبِناءِ الأَوَّلِ يَبنينا,أَبني الأَوطانَ أَلا هِمَمُ,المتدارك,أحمد شوقي
سَعياً أَبَداً سَعياً سَعياً لِأَثيلِ المَجدِ وَلِلعَليا,لِأَثيلِ المَجدِ وَلِلعَليا,سَعياً أَبَداً سَعياً سَعياً,المتدارك,أحمد شوقي
وَلنَجعَل مِصرَ هِيَ الدُنيا وَلنَجعَل مِصرَ هِيَ الدُنيا,وَلنَجعَل مِصرَ هِيَ الدُنيا,وَلنَجعَل مِصرَ هِيَ الدُنيا,المتدارك,أحمد شوقي
دأماءُ الجودِ وخضْرِمُهُ وحُسامُ البأسِ مهنَّدُهُ,وحُسامُ البأسِ مهنَّدُهُ,دأماءُ الجودِ وخضْرِمُهُ,المتدارك,الحيص بيص
مَضَّاءُ العَزْمِ وثاقبُه ومُصيبُ الرأي مُسَدَّدهُ,ومُصيبُ الرأي مُسَدَّدهُ,مَضَّاءُ العَزْمِ وثاقبُه,المتدارك,الحيص بيص
قَرَّاءُ الضَّيْفِ وخادِمهُ ومُشارُ الدهرِ وسَيدهُ,ومُشارُ الدهرِ وسَيدهُ,قَرَّاءُ الضَّيْفِ وخادِمهُ,المتدارك,الحيص بيص
يَدْنو لِلقِرْنِ فيَصْرَعُهُ ولِمَحْلِ العامِ فيَطْرُدهُ,ولِمَحْلِ العامِ فيَطْرُدهُ,يَدْنو لِلقِرْنِ فيَصْرَعُهُ,المتدارك,الحيص بيص
طابتْ في المجدِ مَساعيهِ اِذْ طابَ وأنْجَبَ موْلدهُ,اِذْ طابَ وأنْجَبَ موْلدهُ,طابتْ في المجدِ مَساعيهِ,المتدارك,الحيص بيص
فالموتُ الفَصْلُ تَقَحُّمهُ والطَّوْدُّ الثَّبْتُ تَأيُّدهُ,والطَّوْدُّ الثَّبْتُ تَأيُّدهُ,فالموتُ الفَصْلُ تَقَحُّمهُ,المتدارك,الحيص بيص
لا يَخْشى الجارُ صُروفَ ردىً ويمين الدولةِ مُنْجِدهُ,ويمين الدولةِ مُنْجِدهُ,لا يَخْشى الجارُ صُروفَ ردىً,المتدارك,الحيص بيص
